<?xml version="1.0" encoding="utf-8"?>
<extension version="3.6" client="administrator" type="language" method="upgrade">
	<name>中文(繁體)</name>
  <tag>zh-TW</tag>
	<version>3.6.0.1</version>
	<creationDate>2016-07-26</creationDate>
	<author>Joomla! Taiwan User Community</author>
	<authorEmail>eddy@joomla.com.tw</authorEmail>
	<authorUrl>www.joomla.org.tw</authorUrl>
	<copyright>Copyright (C) 2005 - 2015 Open Source Matters. All rights reserved.</copyright>
	<license>GNU General Public License version 2 or later; see LICENSE.txt</license>
	<description>Traditional Chinese administrator language</description>
	<files>
				<filename>zh-TW.com_admin.ini</filename>
        <filename>zh-TW.com_admin.sys.ini</filename>
        <filename>zh-TW.com_ajax.ini</filename>
        <filename>zh-TW.com_ajax.sys.ini</filename>
        <filename>zh-TW.com_banners.ini</filename>
        <filename>zh-TW.com_banners.sys.ini</filename>
        <filename>zh-TW.com_cache.ini</filename>
        <filename>zh-TW.com_cache.sys.ini</filename>
        <filename>zh-TW.com_categories.ini</filename>
        <filename>zh-TW.com_categories.sys.ini</filename>
        <filename>zh-TW.com_checkin.ini</filename>
        <filename>zh-TW.com_checkin.sys.ini</filename>
        <filename>zh-TW.com_config.ini</filename>
        <filename>zh-TW.com_config.sys.ini</filename>
        <filename>zh-TW.com_contact.ini</filename>
        <filename>zh-TW.com_contact.sys.ini</filename>
        <filename>zh-TW.com_content.ini</filename>
        <filename>zh-TW.com_content.sys.ini</filename>
        <filename>zh-TW.com_contenthistory.ini</filename>
        <filename>zh-TW.com_contenthistory.sys.ini</filename>
        <filename>zh-TW.com_cpanel.ini</filename>
        <filename>zh-TW.com_cpanel.sys.ini</filename>
        <filename>zh-TW.com_finder.ini</filename>
        <filename>zh-TW.com_finder.sys.ini</filename>
        <filename>zh-TW.com_installer.ini</filename>
        <filename>zh-TW.com_installer.sys.ini</filename>
        <filename>zh-TW.com_joomlaupdate.ini</filename>
        <filename>zh-TW.com_joomlaupdate.sys.ini</filename>
        <filename>zh-TW.com_languages.ini</filename>
        <filename>zh-TW.com_languages.sys.ini</filename>
        <filename>zh-TW.com_login.ini</filename>
        <filename>zh-TW.com_login.sys.ini</filename>
        <filename>zh-TW.com_mailto.sys.ini</filename>
        <filename>zh-TW.com_media.ini</filename>
        <filename>zh-TW.com_media.sys.ini</filename>
        <filename>zh-TW.com_menus.ini</filename>
        <filename>zh-TW.com_menus.sys.ini</filename>
        <filename>zh-TW.com_messages.ini</filename>
        <filename>zh-TW.com_messages.sys.ini</filename>
        <filename>zh-TW.com_modules.ini</filename>
        <filename>zh-TW.com_modules.sys.ini</filename>
        <filename>zh-TW.com_newsfeeds.ini</filename>
        <filename>zh-TW.com_newsfeeds.sys.ini</filename>
        <filename>zh-TW.com_plugins.ini</filename>
        <filename>zh-TW.com_plugins.sys.ini</filename>
        <filename>zh-TW.com_postinstall.ini</filename>
        <filename>zh-TW.com_postinstall.sys.ini</filename>
        <filename>zh-TW.com_redirect.ini</filename>
        <filename>zh-TW.com_redirect.sys.ini</filename>
        <filename>zh-TW.com_search.ini</filename>
        <filename>zh-TW.com_search.sys.ini</filename>
        <filename>zh-TW.com_tags.ini</filename>
        <filename>zh-TW.com_tags.sys.ini</filename>
        <filename>zh-TW.com_templates.ini</filename>
        <filename>zh-TW.com_templates.sys.ini</filename>
        <filename>zh-TW.com_users.ini</filename>
        <filename>zh-TW.com_users.sys.ini</filename>
        <filename>zh-TW.com_weblinks.ini</filename>
        <filename>zh-TW.com_weblinks.sys.ini</filename>
        <filename>zh-TW.com_wrapper.ini</filename>
        <filename>zh-TW.com_wrapper.sys.ini</filename>
        <filename>zh-TW.ini</filename>
        <filename>zh-TW.lib_joomla.ini</filename>
        <filename>zh-TW.localise.php</filename>
        <filename>zh-TW.mod_custom.ini</filename>
        <filename>zh-TW.mod_custom.sys.ini</filename>
        <filename>zh-TW.mod_feed.ini</filename>
        <filename>zh-TW.mod_feed.sys.ini</filename>
        <filename>zh-TW.mod_latest.ini</filename>
        <filename>zh-TW.mod_latest.sys.ini</filename>
        <filename>zh-TW.mod_logged.ini</filename>
        <filename>zh-TW.mod_logged.sys.ini</filename>
        <filename>zh-TW.mod_login.ini</filename>
        <filename>zh-TW.mod_login.sys.ini</filename>
        <filename>zh-TW.mod_menu.ini</filename>
        <filename>zh-TW.mod_menu.sys.ini</filename>
        <filename>zh-TW.mod_multilangstatus.ini</filename>
        <filename>zh-TW.mod_multilangstatus.sys.ini</filename>
        <filename>zh-TW.mod_popular.ini</filename>
        <filename>zh-TW.mod_popular.sys.ini</filename>
        <filename>zh-TW.mod_quickicon.ini</filename>
        <filename>zh-TW.mod_quickicon.sys.ini</filename>
        <filename>zh-TW.mod_stats_admin.ini</filename>
        <filename>zh-TW.mod_stats_admin.sys.ini</filename>
        <filename>zh-TW.mod_status.ini</filename>
        <filename>zh-TW.mod_status.sys.ini</filename>
        <filename>zh-TW.mod_submenu.ini</filename>
        <filename>zh-TW.mod_submenu.sys.ini</filename>
        <filename>zh-TW.mod_title.ini</filename>
        <filename>zh-TW.mod_title.sys.ini</filename>
        <filename>zh-TW.mod_toolbar.ini</filename>
        <filename>zh-TW.mod_toolbar.sys.ini</filename>
        <filename>zh-TW.mod_version.ini</filename>
        <filename>zh-TW.mod_version.sys.ini</filename>
        <filename>zh-TW.plg_authentication_cookie.ini</filename>
        <filename>zh-TW.plg_authentication_cookie.sys.ini</filename>
        <filename>zh-TW.plg_authentication_gmail.ini</filename>
        <filename>zh-TW.plg_authentication_gmail.sys.ini</filename>
        <filename>zh-TW.plg_authentication_joomla.ini</filename>
        <filename>zh-TW.plg_authentication_joomla.sys.ini</filename>
        <filename>zh-TW.plg_authentication_ldap.ini</filename>
        <filename>zh-TW.plg_authentication_ldap.sys.ini</filename>
        <filename>zh-TW.plg_captcha_recaptcha.ini</filename>
        <filename>zh-TW.plg_captcha_recaptcha.sys.ini</filename>
        <filename>zh-TW.plg_content_contact.ini</filename>
        <filename>zh-TW.plg_content_contact.sys.ini</filename>
        <filename>zh-TW.plg_content_emailcloak.ini</filename>
        <filename>zh-TW.plg_content_emailcloak.sys.ini</filename>
        <filename>zh-TW.plg_content_finder.ini</filename>
        <filename>zh-TW.plg_content_finder.sys.ini</filename>
        <filename>zh-TW.plg_content_joomla.ini</filename>
        <filename>zh-TW.plg_content_joomla.sys.ini</filename>
        <filename>zh-TW.plg_content_loadmodule.ini</filename>
        <filename>zh-TW.plg_content_loadmodule.sys.ini</filename>
        <filename>zh-TW.plg_content_pagebreak.ini</filename>
        <filename>zh-TW.plg_content_pagebreak.sys.ini</filename>
        <filename>zh-TW.plg_content_pagenavigation.ini</filename>
        <filename>zh-TW.plg_content_pagenavigation.sys.ini</filename>
        <filename>zh-TW.plg_content_vote.ini</filename>
        <filename>zh-TW.plg_content_vote.sys.ini</filename>
        <filename>zh-TW.plg_editors_codemirror.ini</filename>
        <filename>zh-TW.plg_editors_codemirror.sys.ini</filename>
        <filename>zh-TW.plg_editors_none.ini</filename>
        <filename>zh-TW.plg_editors_none.sys.ini</filename>
        <filename>zh-TW.plg_editors_tinymce.ini</filename>
        <filename>zh-TW.plg_editors_tinymce.sys.ini</filename>
        <filename>zh-TW.plg_editors-xtd_article.ini</filename>
        <filename>zh-TW.plg_editors-xtd_article.sys.ini</filename>
        <filename>zh-TW.plg_editors-xtd_image.ini</filename>
        <filename>zh-TW.plg_editors-xtd_image.sys.ini</filename>
        <filename>zh-TW.plg_editors-xtd_module.ini</filename>
        <filename>zh-TW.plg_editors-xtd_module.sys.ini</filename>
        <filename>zh-TW.plg_editors-xtd_pagebreak.ini</filename>
        <filename>zh-TW.plg_editors-xtd_pagebreak.sys.ini</filename>
        <filename>zh-TW.plg_editors-xtd_readmore.ini</filename>
        <filename>zh-TW.plg_editors-xtd_readmore.sys.ini</filename>
        <filename>zh-TW.plg_extension_joomla.ini</filename>
        <filename>zh-TW.plg_extension_joomla.sys.ini</filename>
        <filename>zh-TW.plg_finder_categories.ini</filename>
        <filename>zh-TW.plg_finder_categories.sys.ini</filename>
        <filename>zh-TW.plg_finder_contacts.ini</filename>
        <filename>zh-TW.plg_finder_contacts.sys.ini</filename>
        <filename>zh-TW.plg_finder_content.ini</filename>
        <filename>zh-TW.plg_finder_content.sys.ini</filename>
        <filename>zh-TW.plg_finder_newsfeeds.ini</filename>
        <filename>zh-TW.plg_finder_newsfeeds.sys.ini</filename>
        <filename>zh-TW.plg_finder_tags.ini</filename>
        <filename>zh-TW.plg_finder_tags.sys.ini</filename>
        <filename>zh-TW.plg_finder_weblinks.ini</filename>
        <filename>zh-TW.plg_finder_weblinks.sys.ini</filename>
        <filename>zh-TW.plg_installer_folderinstaller.ini</filename>
        <filename>zh-TW.plg_installer_folderinstaller.sys.ini</filename>
        <filename>zh-TW.plg_installer_packageinstaller.ini</filename>
        <filename>zh-TW.plg_installer_packageinstaller.sys.ini</filename>
        <filename>zh-TW.plg_installer_urlinstaller.ini</filename>
        <filename>zh-TW.plg_installer_urlinstaller.sys.ini</filename>
        <filename>zh-TW.plg_installer_webinstaller.ini</filename>
        <filename>zh-TW.plg_installer_webinstaller.sys.ini</filename>
        <filename>zh-TW.plg_quickicon_extensionupdate.ini</filename>
        <filename>zh-TW.plg_quickicon_extensionupdate.sys.ini</filename>
        <filename>zh-TW.plg_quickicon_joomlaupdate.ini</filename>
        <filename>zh-TW.plg_quickicon_joomlaupdate.sys.ini</filename>
        <filename>zh-TW.plg_search_categories.ini</filename>
        <filename>zh-TW.plg_search_categories.sys.ini</filename>
        <filename>zh-TW.plg_search_contacts.ini</filename>
        <filename>zh-TW.plg_search_contacts.sys.ini</filename>
        <filename>zh-TW.plg_search_content.ini</filename>
        <filename>zh-TW.plg_search_content.sys.ini</filename>
        <filename>zh-TW.plg_search_newsfeeds.ini</filename>
        <filename>zh-TW.plg_search_newsfeeds.sys.ini</filename>
        <filename>zh-TW.plg_search_tags.ini</filename>
        <filename>zh-TW.plg_search_tags.sys.ini</filename>
        <filename>zh-TW.plg_search_weblinks.ini</filename>
        <filename>zh-TW.plg_search_weblinks.sys.ini</filename>
        <filename>zh-TW.plg_system_cache.ini</filename>
        <filename>zh-TW.plg_system_cache.sys.ini</filename>
        <filename>zh-TW.plg_system_debug.ini</filename>
        <filename>zh-TW.plg_system_debug.sys.ini</filename>
        <filename>zh-TW.plg_system_highlight.ini</filename>
        <filename>zh-TW.plg_system_highlight.sys.ini</filename>
        <filename>zh-TW.plg_system_languagecode.ini</filename>
        <filename>zh-TW.plg_system_languagecode.sys.ini</filename>
        <filename>zh-TW.plg_system_languagefilter.ini</filename>
        <filename>zh-TW.plg_system_languagefilter.sys.ini</filename>
        <filename>zh-TW.plg_system_log.ini</filename>
        <filename>zh-TW.plg_system_log.sys.ini</filename>
        <filename>zh-TW.plg_system_logout.ini</filename>
        <filename>zh-TW.plg_system_logout.sys.ini</filename>
        <filename>zh-TW.plg_system_p3p.ini</filename>
        <filename>zh-TW.plg_system_p3p.sys.ini</filename>
        <filename>zh-TW.plg_system_redirect.ini</filename>
        <filename>zh-TW.plg_system_redirect.sys.ini</filename>
        <filename>zh-TW.plg_system_remember.ini</filename>
        <filename>zh-TW.plg_system_remember.sys.ini</filename>
        <filename>zh-TW.plg_system_sef.ini</filename>
        <filename>zh-TW.plg_system_sef.sys.ini</filename>
        <filename>zh-TW.plg_system_stats.ini</filename>
        <filename>zh-TW.plg_system_stats.sys.ini</filename>
        <filename>zh-TW.plg_system_updatenotification.ini</filename>
        <filename>zh-TW.plg_system_updatenotification.sys.ini</filename>
        <filename>zh-TW.plg_twofactorauth_totp.ini</filename>
        <filename>zh-TW.plg_twofactorauth_totp.sys.ini</filename>
        <filename>zh-TW.plg_twofactorauth_yubikey.ini</filename>
        <filename>zh-TW.plg_twofactorauth_yubikey.sys.ini</filename>
        <filename>zh-TW.plg_user_contactcreator.ini</filename>
        <filename>zh-TW.plg_user_contactcreator.sys.ini</filename>
        <filename>zh-TW.plg_user_joomla.ini</filename>
        <filename>zh-TW.plg_user_joomla.sys.ini</filename>
        <filename>zh-TW.plg_user_profile.ini</filename>
        <filename>zh-TW.plg_user_profile.sys.ini</filename>
        <filename>zh-TW.tpl_hathor.ini</filename>
        <filename>zh-TW.tpl_hathor.sys.ini</filename>
        <filename>zh-TW.tpl_isis.ini</filename>
        <filename>zh-TW.tpl_isis.sys.ini</filename>
        <filename file="meta">zh-TW.xml</filename>
        <filename file="meta">install.xml</filename>
	</files>
	<params />
</extension>
